Workbook

Sheet Attacking
A1: Team | B1: shots | C1: shots/A | D1: Open play Shots | E1: Open play Shots/A | F1: shots on goal | G1: shots on goal/A | H1: shots in box | I1: shots in box/A | J1: XG | K1: XG/A | L1: goals | M1: Goals/A | N1: open play Goals | O1: open play goals/A | P1: corners | Q1: Corners converted | R1: cornors/A | S1: Corner converted/A | T1: Free kicks | U1: Freekicks/A | V1: Big Chances | W1: big chances converted | X1: big chances/A | Y1: big chances converted/A | Z1: crosses | AA1: crosses converted | AB1: crosses/A | AC1: crosses converted/A | AD1: Touches in Opponent's Box | AE1: Touches in Opponent's Box/A
A2: Everton | B2: 11 | C2: 16 | D2: 9 | E2: 11 | F2: 4 | G2: 5 | H2: 8 | I2: 11 | J2: 1.96 | K2: 1.12 | L2: 0 | M2: 2 | N2: 0 | O2: 2 | P2: 0 | Q2: 0 | R2: 4 | S2: 0 | T2: 7 | U2: 15 | V2: 4 | W2: 0 | X2: 1 | Y2: 1 | Z2: 12 | AA2: 0 | AB2: 14 | AC2: 1 | AD2: 14 | AE2: 35
A3: Man City | B3: 10 | C3: 18 | D3: 4 | E3: 12 | F3: 1 | G3: 9 | H3: 6 | I3: 13 | J3: 0.66 | K3: 2.21 | L3: 1 | M3: 4 | N3: 0 | O3: 4 | P3: 2 | Q3: 0 | R3: 6 | S3: 0 | T3: 11 | U3: 11 | V3: 3 | W3: 0 | X3: 5 | Y3: 3 | Z3: 18 | AA3: 0 | AB3: 15 | AC3: 1 | AD3: 14 | AE3: 35
A4: Fulham | B4: 10 | C4: 25 | D4: 7 | E4: 20 | F4: 5 | G4: 6 | H4: 7 | I4: 22 | J4: 1.97 | K4: 3.14 | L4: 3 | M4: 2 | N4: 3 | O4: 2 | P4: 1 | Q4: 0 | R4: 7 | S4: 0 | T4: 7 | U4: 13 | V4: 6 | W4: 3 | X4: 2 | Y4: 1 | Z4: 7 | AA4: 0 | AB4: 16 | AC4: 0 | AD4: 19 | AE4: 64
A5: Middlesbrough | B5: 8 | C5: 16 | D5: 6 | E5: 11 | F5: 5 | G5: 4 | H5: 4 | I5: 9 | J5: 1.41 | K5: 1.6 | L5: 3 | M5: 0 | N5: 3 | O5: 0 | P5: 1 | Q5: 0 | R5: 6 | S5: 0 | T5: 12 | U5: 12 | V5: 2 | W5: 2 | X5: 1 | Y5: 0 | Z5: 5 | AA5: 2 | AB5: 17 | AC5: 0 | AD5: 9 | AE5: 52
A6: Ipswich | B6: 11 | C6: 12 | D6: 10 | E6: 8 | F6: 4 | G6: 6 | H6: 9 | I6: 8 | J6: 0.62 | K6: 1.67 | L6: 2 | M6: 3 | N6: 2 | O6: 3 | P6: 6 | Q6: 0 | R6: 3 | S6: 0 | T6: 17 | U6: 6 | V6: 1 | W6: 0 | X6: 3 | Y6: 3 | Z6: 20 | AA6: 0 | AB6: 21 | AC6: 1 | AD6: 21 | AE6: 30
A7: Lech Poznan | B7: 16 | C7: 17 | D7: 12 | E7: 15 | F7: 6 | G7: 6 | H7: 11 | I7: 9 | J7: 2.14 | K7: 1.1 | L7: 4 | M7: 0 | N7: 2 | O7: 0 | P7: 6 | Q7: 1 | R7: 5 | S7: 0 | T7: 6 | U7: 14 | V7: 3 | W7: 2 | X7: 2 | Y7: 0 | Z7: 14 | AA7: 0 | AB7: 14 | AC7: 0 | AD7: 27 | AE7: 23
A8: Leeds | B8: 12 | C8: 13 | D8: 7 | E8: 3 | F8: 4 | G8: 2 | H8: 4 | I8: 9 | J8: 1.06 | K8: 1.31 | L8: 0 | M8: 0 | N8: 0 | O8: 0 | P8: 3 | Q8: 0 | R8: 4 | S8: 0 | T8: 12 | U8: 14 | V8: 2 | W8: 0 | X8: 1 | Y8: 0 | Z8: 10 | AA8: 0 | AB8: 17 | AC8: 0 | AD8: 17 | AE8: 17
A9: Totals | B9: =SUM(Table1[[shots ]]) -> 78 | C9: =SUM(Table1[shots/A]) -> 117 | D9: =SUM(Table1[[Open play Shots ]]) -> 55 | E9: =SUM(Table1[Open play Shots/A]) -> 80 | F9: =SUM(Table1[shots on goal]) -> 29 | G9: =SUM(Table1[shots on goal/A]) -> 38 | H9: =SUM(Table1[shots in box]) -> 49 | I9: =SUM(Table1[shots in box/A]) -> 81 | J9: =SUM(Table1[XG]) -> 9.82 | K9: =SUM(Table1[XG/A]) -> 12.15 | L9: =SUM(Table1[[goals ]]) -> 13 | M9: =SUM(Table1[Goals/A]) -> 11 | N9: =SUM(Table1[open play Goals]) -> 10 | O9: =SUM(Table1[open play goals/A]) -> 11 | P9: =SUM(Table1[corners]) -> 19 | Q9: =SUM(Table1[[Corners converted ]]) -> 1 | R9: =SUM(Table1[cornors/A]) -> 35 | S9: =SUM(Table1[Corner converted/A]) -> 0 | T9: =SUM(Table1[Free kicks]) -> 72 | U9: =SUM(Table1[Freekicks/A]) -> 85 | V9: =SUM(Table1[[Big Chances ]]) -> 21 | W9: =SUM(Table1[big chances converted]) -> 7 | X9: =SUM(Table1[big chances/A]) -> 15 | Y9: =SUM(Table1[big chances converted/A]) -> 8 | Z9: =SUM(Table1[crosses]) -> 86 | AA9: =SUM(Table1[crosses converted]) -> 2 | AB9: =SUM(Table1[crosses/A]) -> 114 | AC9: =SUM(Table1[crosses converted/A]) -> 3 | AD9: =SUM(Table1[Touches in Opponent''s Box ]) -> 121 | AE9: =SUM(Table1[Touches in Opponent''s Box/A]) -> 256

Sheet Efficiency stats
A1: Team | B1: Shots on target % | C1: Shots on target/A % | D1: Goal % Based of Shots | E1: Opponet Goal % Based of shots/A | F1: Open Play Goal % | G1: Open play Goal/A % | H1: Corners Converted % | I1: Corners Converted/A % | J1: Big Chances Converted % | K1: Crosses Converted % | L1: Corsses Converted/A % | M1: Save %
A2: Everton | B2: {=IFERROR(Attacking!F2:F9/Attacking!B2:B9,0)} -> 0.36363636 | C2: {=IFERROR(Attacking!G2:G9/Attacking!C2:C9,0)} -> 0.3125 | D2: {=IFERROR(Attacking!L2:L9/Attacking!B2:B9,0)} -> 0 | E2: {=IFERROR(Attacking!M2:M9/Attacking!G2:G9,0)} -> 0.4 | F2: {=IFERROR(Attacking!N2:N9/Attacking!L2:L9,0)} -> 0 | G2: {=IFERROR(Attacking!O2:O9/Attacking!M2:M9,0)} -> 1 | H2: {=IFERROR(Attacking!Q2:Q9/Attacking!P2:P9,0)} -> 0 | I2: {=IFERROR(Attacking!S2:S9/Attacking!R2:R9,0)} -> 0 | J2: {=IFERROR(Attacking!W2:W9/Attacking!V2:V9,0)} -> 0 | K2: {=IFERROR(Attacking!AA2:AA9/Attacking!Z2:Z9,0)} -> 0 | L2: {=IFERROR(Attacking!AC2:AC9/Attacking!AB2:AB9,0)} -> 0.071428571 | M2: {=IFERROR(Defending!N2:N9/Table1[[#Data],[#Totals],[shots on goal/A]],0)} -> 0.6
A3: Man City | B3: 0.1 | C3: 0.5 | D3: 0.1 | E3: 0.44444444 | F3: 0 | G3: 1 | H3: 0 | I3: 0 | J3: 0 | K3: 0 | L3: 0.066666667 | M3: 0.44444444
A4: Fulham | B4: 0.5 | C4: 0.24 | D4: 0.3 | E4: 0.33333333 | F4: 1 | G4: 1 | H4: 0 | I4: 0 | J4: 0.5 | K4: 0 | L4: 0 | M4: 0.83333333
A5: Middlesbrough | B5: 0.625 | C5: 0.25 | D5: 0.375 | E5: 0 | F5: 1 | G5: 0 | H5: 0 | I5: 0 | J5: 1 | K5: 0.4 | L5: 0 | M5: 1
A6: Ipswich | B6: 0.36363636 | C6: 0.5 | D6: 0.18181818 | E6: 0.5 | F6: 1 | G6: 1 | H6: 0 | I6: 0 | J6: 0 | K6: 0 | L6: 0.047619048 | M6: 0.5
A7: Lech Poznan | B7: 0.375 | C7: 0.35294118 | D7: 0.25 | E7: 0 | F7: 0.5 | G7: 0 | H7: 0.16666667 | I7: 0 | J7: 0.66666667 | K7: 0 | L7: 0 | M7: 1
A8: Leeds | B8: 0.33333333 | C8: 0.15384615 | D8: 0 | E8: 0 | F8: 0 | G8: 0 | H8: 0 | I8: 0 | J8: 0 | K8: 0 | L8: 0 | M8: 1
A9: Totals | B9: 0.37179487 | C9: 0.32478632 | D9: 0.16666667 | E9: 0.28947368 | F9: 0.76923077 | G9: 1 | H9: 0.052631579 | I9: 0 | J9: 0.33333333 | K9: 0.023255814 | L9: 0.026315789 | M9: 0.5

Sheet Defending
A1: Team | B1: Fouls | C1: Fouls/A | D1: Tackles | E1: Tackles/A | F1: Interceptions won | G1: Interceptions won/A | H1: Dispossessd | I1: Dispossessd/A | J1: Errors Leading to Shot | K1: Errors Leading to Shot/A | L1: Errors Leading to Goal | M1: Errors Leading to Goal/A | N1: Saves | O1: Saves/A
A2: Everton | B2: 15 | C2: 5 | D2: 25 | E2: 18 | F2: 10 | G2: 8 | H2: 13 | I2: 10 | J2: 2 | K2: 1 | L2: 1 | M2: 0 | N2: 3 | O2: 4
A3: Man City | B3: 8 | C3: 11 | D3: 34 | E3: 14 | F3: 11 | G3: 9 | H3: 8 | I3: 14 | J3: 0 | K3: 0 | L3: 0 | M3: 0 | N3: 4 | O3: 1
A4: Fulham | B4: 7 | C4: 6 | D4: 18 | E4: 11 | F4: 12 | G4: 9 | H4: 6 | I4: 3 | J4: 1 | K4: 1 | L4: 1 | M4: 0 | N4: 5 | O4: 2
A5: Middlesbrough | B5: 10 | C5: 11 | D5: 34 | E5: 8 | F5: 5 | G5: 7 | H5: 6 | I5: 16 | J5: 0 | K5: 0 | L5: 0 | M5: 0 | N5: 4 | O5: 4
A6: Ipswich | B6: 6 | C6: 16 | D6: 18 | E6: 12 | F6: 7 | G6: 11 | H6: 6 | I6: 12 | J6: 1 | K6: 1 | L6: 0 | M6: 0 | N6: 3 | O6: 2
A7: Lech Poznan | B7: 11 | C7: 7 | D7: 20 | E7: 11 | F7: 21 | G7: 9 | H7: 5 | I7: 11 | J7: 1 | K7: 1 | L7: 0 | M7: 1 | N7: 6 | O7: 2
A8: Leeds | B8: 12 | C8: 10 | D8: 17 | E8: 17 | F8: 8 | G8: 17 | H8: 9 | I8: 7 | J8: 1 | K8: 0 | L8: 0 | M8: 0 | N8: 2 | O8: 5
A9: Totals | B9: =SUM(B2:B6) -> 46 | C9: =SUM(C2:C6) -> 49 | D9: =SUM(D2:D6) -> 129 | E9: =SUM(E2:E6) -> 63 | F9: =SUM(F2:F6) -> 45 | G9: =SUM(G2:G6) -> 44 | H9: =SUM(H2:H6) -> 39 | I9: =SUM(I2:I6) -> 55 | ... O9: =SUM(O2:O6) -> 13

Sheet General Play
A1: Team | B1: Possession | C1: Possession/A | D1: Passes | E1: Passes/A | F1: Short passes | G1: Short passes/A | H1: Long balls | I1: Long balls/A | J1: Average pass streak | K1: Average pass streak/A | L1: Thrown in's | M1: Throw in's/A | N1: Goal kicks | O1: Goal kicks/A | P1: Yellow cards | Q1: Yellow cards/A | R1: Red cards | S1: Red cards/A
A2: Everton | B2: 58% | C2: 42% | D2: 601 | E2: 436 | F2: 553 | G2: 367 | H2: 32 | I2: 54 | J2: 6 | K2: 4 | L2: 16 | M2: 23 | N2: 11 | O2: 6 | P2: 1 | Q2: 0 | R2: 0 | S2: 0
A3: Man City | B3: 28% | C3: 72% | D3: 317 | E3: 807 | F3: 266 | G3: 749 | H3: 33 | I3: 41 | J3: 4 | K3: 9 | L3: 12 | M3: 19 | N3: 5 | O3: 6 | P3: 1 | Q3: 2 | R3: 0 | S3: 0
A4: Fulham | B4: 36% | C4: 64% | D4: 392 | E4: 699 | F4: 330 | G4: 631 | H4: 51 | I4: 48 | J4: 4 | K4: 6 | L4: 17 | M4: 20 | N4: 17 | O4: 6 | P4: 0 | Q4: 0 | R4: 0 | S4: 0
A5: Middlesbrough | B5: 41% | C5: 59% | D5: 427 | E5: 622 | F5: 374 | G5: 563 | H5: 45 | I5: 40 | J5: 5 | K5: 7 | L5: 13 | M5: 12 | N5: 11 | O5: 3 | P5: 0 | Q5: 2 | R5: 0 | S5: 0
A6: Ipswich | B6: 47% | C6: 53% | D6: 412 | E6: 481 | F6: 343 | G6: 410 | H6: 45 | I6: 50 | J6: 5 | K6: 4 | L6: 21 | M6: 21 | N6: 9 | O6: 15 | P6: 1 | Q6: 3 | R6: 1 | S6: 0
A7: Lech Poznan | B7: 55% | C7: 45% | D7: 570 | E7: 508 | F7: 512 | G7: 452 | H7: 42 | I7: 38 | J7: 6 | K7: 5 | L7: 11 | M7: 13 | N7: 5 | O7: 10 | P7: 0 | Q7: 2 | R7: 0 | S7: 1
A8: Leeds | B8: 49% | C8: 51% | D8: 438 | E8: 449 | F8: 379 | G8: 383 | H8: 47 | I8: 49 | J8: 5 | K8: 5 | L8: 19 | M8: 21 | N8: 8 | O8: 8 | P8: 3 | Q8: 2 | R8: 0 | S8: 0
A9: Totals | D9: =SUM(D2:D6) -> 2149 | E9: =SUM(E2:E6) -> 3045 | F9: =SUM(F2:F6) -> 1866 | G9: =SUM(G2:G6) -> 2720 | H9: =SUM(H2:H6) -> 206 | I9: =SUM(I2:I6) -> 233 | L9: =SUM(L2:L6) -> 79 | M9: =SUM(M2:M6) -> 95 | N9: =SUM(N2:N6) -> 53 | O9: =SUM(O2:O6) -> 36 | P9: =SUM(P2:P6) -> 3 | Q9: =SUM(Q2:Q6) -> 7 | R9: =SUM(R2:R6) -> 1 | S9: =SUM(S2:S6) -> 0

Sheet Tactical Stats
A1: Team | B1: % of attacks from the right | C1: % of attacks from the middle | D1: % of attacks from the left | E1: % of attacks from the right/A | F1: % of attacks from the middle/A | G1: % of attacks from the left/A | H1: % of shots from the right | I1: % of shots from the middle | J1: % of shots from the left | K1: % of shots from the right/A | L1: % of shots from the middle/A | M1: % of shots from the left/A
A2: Everton | B2: 0.34 | C2: 0.27 | D2: 0.39 | E2: 0.45 | F2: 0.23 | G2: 0.32 | H2: 0.09 | I2: 0.82 | J2: 0.09 | K2: 0 | L2: 0.44 | M2: 0.56
A3: Man City | B3: 0.47 | C3: 0.2 | D3: 0.33 | E3: 0.29 | F3: 0.3 | G3: 0.41 | H3: 0.1 | I3: 0.7 | J3: 0.2 | K3: 0.06 | L3: 0.67 | M3: 0.28
A4: Fulham | B4: 0.34 | C4: 0.21 | D4: 0.45 | E4: 0.31 | F4: 0.45 | G4: 0.24 | H4: 0.1 | I4: 0.7 | J4: 0.2 | K4: 0.4 | L4: 0.76 | M4: 0.2
A5: Middlesbrough | B5: 0.39 | C5: 0.34 | D5: 0.26 | E5: 0.33 | F5: 0.32 | G5: 0.36 | H5: 0 | I5: 0.88 | J5: 0.13 | K5: 0.25 | L5: 0.5 | M5: 0.25
A6: Ipswich | B6: 0.4 | C6: 0.27 | D6: 0.33 | E6: 0.45 | F6: 0.23 | G6: 0.32 | H6: 0.36 | I6: 0.45 | J6: 0.18 | K6: 0.17 | L6: 0.75 | M6: 0.08
A7: Lech Poznan | B7: 0.39 | C7: 0.27 | D7: 0.33 | E7: 0.32 | F7: 0.32 | G7: 0.36 | H7: 0.19 | I7: 0.75 | J7: 0.06 | K7: 0.18 | L7: 0.59 | M7: 0.24
A8: Leeds | B8: 0.34 | C8: 0.3 | D8: 0.36 | E8: 0.32 | F8: 0.29 | G8: 0.39 | H8: 0.08 | I8: 0.75 | J8: 0.17 | K8: 0.08 | L8: 0.92 | M8: 0

Sheet preview 
A1: Team | B1: Formation | C1: Formation/A | D1: What Went right | E1: What went wrong
A2: Everton | B2: 3-4-2-1 | C2: 4-2-3-1 | D2: More quality shots than the opponent with our 1.96 xG compared to Everton's 1.12 xG, Dominated possession with 58.1% | E2: Poor Finishing, individual errors leading to a shot and one leading to a goal
A3: Man City | B3: 3-4-2-1 | C3: 4-2-3-1 | D3: Class free kick from pino | E3: Got dominated in possession, poor finishing with only 10% of shots on target,
A4: Fulham | B4: 3-4-2-1 | C4: 4-2-3-1 | D4: Good finishing, Goalkeeping, Got the win, | E4: Got dominated in possession, Error leading to goal, Let up a ton of shots within the box,
A5: Middlesbrough | B5: 5-4-1 | C5: 3-4-2-1 | D5: Good finishing from crosses, individual brilliance, Clean sheet, | E5: Was not convincing enough against a championship side
A6: Ipswich | B6: 3-4-2-1 | C6: 4-2-3-1 | D6: Scored a man down, defended and attacked well for being a man down, | E6: Red card, poor defending crosses
A7: Lech Poznan | B7: 3-4-2-1 | C7: 4-2-3-1 | D7: Controlled possession, not allowing them to get in our box, finishing, clean sheet | E7: Individual errors leading to chances,
A8: Leeds | B8: 3-4-2-1 | C8: 3-4-2-1 | D8: Clean Sheet, Created Chances, Held up vs a side in good form | E8: Not finishing chances, need to be better defending set pieces, allowed a lot of shots from inside our box
